{"cameraMode":{"drawMode":0,"name":"Shaded","section":"Shading Mode"},"sceneLighting":true,"audioPlay":false,"sceneViewState":{"m_AlwaysRefresh":false,"showFog":true,"showSkybox":true,"showFlares":true,"showImageEffects":true,"showParticleSystems":true,"showVisualEffectGraphs":true,"m_FxEnabled":true},"in2DMode":false,"pivot":{"x":478.10858154296877,"y":234.1640167236328,"z":70.737060546875},"rotation":{"x":-0.0014999693958088756,"y":0.0011947604361921549,"z":-0.0000037794909530930455,"w":-1.0000076293945313},"size":305.2013244628906,"orthographic":false}